<?xml version="1.0" encoding="UTF-8"?>
<project-private xmlns="http://www.netbeans.org/ns/project-private/1">
    <editor-bookmarks xmlns="http://www.netbeans.org/ns/editor-bookmarks/2" lastBookmarkId="0"/>
    <open-files xmlns="http://www.netbeans.org/ns/projectui-open-files/2">
        <group>
            <file>file:/C:/UwAmp/www/ppe2/The%20best%20tacos/DAO/Boisson_DAO.php</file>
            <file>file:/C:/UwAmp/www/ppe2/The%20best%20tacos/pages/CommandeBoisson/CommandeBoisson.css</file>
            <file>file:/C:/UwAmp/www/ppe2/The%20best%20tacos/pages/CommandeSauce/CommandeSauceController.php</file>
            <file>file:/C:/UwAmp/www/ppe2/The%20best%20tacos/DTO/Viande_DTO.php</file>
            <file>file:/C:/UwAmp/www/ppe2/The%20best%20tacos/pages/CommandeTacos/CommandeTacosController.php</file>
            <file>file:/C:/UwAmp/www/ppe2/The%20best%20tacos/pages/Panier/Panier.css</file>
            <file>file:/C:/UwAmp/www/ppe2/The%20best%20tacos/DAO/Client_DAO.php</file>
            <file>file:/C:/UwAmp/www/ppe2/The%20best%20tacos/pages/CommandeBoisson/CommandeBoisson.php</file>
            <file>file:/C:/UwAmp/www/ppe2/The%20best%20tacos/pages/Panier/Panier.php</file>
            <file>file:/C:/UwAmp/www/ppe2/The%20best%20tacos/DTO/Tacos_DTO.php</file>
            <file>file:/C:/UwAmp/www/ppe2/The%20best%20tacos/DTO/Sauce_DTO.php</file>
            <file>file:/C:/UwAmp/www/ppe2/The%20best%20tacos/pages/Accueil/Accueil.php</file>
            <file>file:/C:/UwAmp/www/ppe2/The%20best%20tacos/pages/CommandeLivraison/CommandeLivraison.php</file>
            <file>file:/C:/UwAmp/www/ppe2/The%20best%20tacos/DTO/Boisson_DTO.php</file>
            <file>file:/C:/UwAmp/www/ppe2/The%20best%20tacos/pages/CommandeBoisson/CommandeBoissonController.php</file>
            <file>file:/C:/UwAmp/www/ppe2/The%20best%20tacos/pages/CommandeLivraison/CommandeLivraison.css</file>
            <file>file:/C:/UwAmp/www/ppe2/The%20best%20tacos/index.php</file>
            <file>file:/C:/UwAmp/www/ppe2/The%20best%20tacos/pages/CommandeLivraison/CommandeLivraisonController.php</file>
            <file>file:/C:/UwAmp/www/ppe2/The%20best%20tacos/pages/CommandeSauce/CommandeSauce.php</file>
            <file>file:/C:/UwAmp/www/ppe2/The%20best%20tacos/pages/CommandeTacos/CommandeTacos.css</file>
            <file>file:/C:/UwAmp/www/ppe2/The%20best%20tacos/pages/Accueil/AccueilController.php</file>
            <file>file:/C:/UwAmp/www/ppe2/The%20best%20tacos/pages/Panier/PanierController.php</file>
            <file>file:/C:/UwAmp/www/ppe2/The%20best%20tacos/pages/CommandeTacos/CommandeTacos.php</file>
            <file>file:/C:/UwAmp/www/ppe2/The%20best%20tacos/DAO/Tacos_DAO.php</file>
            <file>file:/C:/UwAmp/www/ppe2/The%20best%20tacos/pages/CommandeSauce/CommandeSauce.css</file>
            <file>file:/C:/UwAmp/www/ppe2/The%20best%20tacos/pages/Accueil/Accueil.css</file>
        </group>
    </open-files>
</project-private>
